總集數 ,集數 ,中文集名 ,英文原名 ,導演 ,編劇 ,首播日期
1,1,試播 ,The Pilot ,James Burrows ,David Crane 和 Marta Kauffman ,1994年9月22日
2,2,卡羅要做超音波檢查 ,The One with the Sonogram at the End ,James Burrows ,David Crane 和 Marta Kauffman ,1994年9月29日
3,3,大拇指事件 ,The One with the Thumb ,James Burrows ,Jeff Astrof 和 Mike Sikowitz ,1994年10月6日
4,4,偷窺事件 ,The One with George Stephanopoulos ,James Burrows ,Alexa Junge ,1994年10月13日
5,5,瑞秋去洗衣 ,The One with the East German Laundry Detergent ,Pamela Fryman ,Jeff Greenstein 和 Jeff Strauss ,1994年10月20日
6,6,喬伊出鏡了 ,The One with the Butt ,Arlene Sanford ,Adam Chase 和 Ira Ungerleider ,1994年10月27日
7,7,紐約大停電 ,The One with the Blackout ,James Burrows ,Jeff Astrof 和 Mike Sikowitz ,1994年11月3日
8,8,外婆死了兩次 ,The One Where Nana Dies Twice ,James Burrows ,Marta Kauffman 和 David Crane ,1994年11月10日
9,9,感恩節大餐搞砸了 ,The One Where Underdog Gets Away ,James Burrows ,Jeff Greenstein 和 Jeff Strauss ,1994年11月17日
10,10,羅斯弄了隻猴子 ,The One with the Monkey ,Peter Bonerz ,Adam Chase 和 Ira Ungerleider ,1994年12月15日
11,11,媽媽進城來 ,The One with Mrs. Bing ,James Burrows ,Alexa Junge ,1995年1月5日
12,12,一堆千層面 ,The One with the Dozen Lasagnas ,Paul Lazarus ,Jeff Astrof、Mike Sikowitz、Adam Chase,1995年1月12日
13,13,瑞秋走光啦 ,The One with the Boobies ,Alan Myerson ,Alexa Junge ,1995年1月19日
14,14,珍妮斯又回來了 ,The One with the Candy Hearts ,James Burrows ,Bill Lawrence ,1995年2月9日
15,15,抽大麻的人 ,The One with the Stoned Guy ,Alan Myerson ,Jeff Greenstein & Jeff Strauss ,1995年2月16日
16,16,喬伊迷上了烏蘇拉：上 ,The One with Two Parts 1 ,Michael Lembeck ,Marta Kauffman 和 David Crane ,1995年2月23日
17,17,喬伊迷上了烏蘇拉：下 ,The One with Two Parts 2 ,Michael Lembeck ,David Crane 和 Marta Kauffman ,1995年2月23日
18,18,打撲克 ,The One with All the Poker ,James Burrows ,Jeff Astrof 和 Mike Sikowitz ,1995年3月2日
19,19,猴子跑了 ,The One Where the Monkey Gets Away ,Peter Bonerz ,Jeff Astrof 和 Mike Sikowitz ,1995年3月9日
20,20,邪惡牙醫 ,The One with the Evil Orthodontist ,Peter Bonerz ,Doty Abrams ,1995年4月6日
21,21,假莫妮卡 ,The One with the Fake Monica ,Gail Mancuso ,Adam Chase 和 Ira Ungerleider ,1995年4月27日
22,22,莫妮卡的小男友 ,The One with the Ick Factor ,Robby Benson ,Alexa Junge ,1995年5月4日
23,23,卡羅生小孩 ,The One with the Birth ,James Burrows,"故事: David Crane & Marta Kauffman
電視劇本: Jeff Greenstein & Jeff Strauss ",1995年5月11日
24,24,瑞秋知道了 ,The One Where Rachel Finds Out ,Kevin S. Bright ,Chris Brown ,1995年5月18日
25,1,羅斯的新女友 ,The One with Ross's New Girlfriend ,Michael Lembeck ,Jeff Astrof 和 Mike Sikowitz ,1995年9月21日
26,2,卡羅的母乳 ,The One with the Breast Milk ,Michael Lembeck ,Adam Chase 和 Ira Ungerleider ,1995年9月28日
27,3,海克里斯先生死了 ,The One Where Heckles Dies ,Kevin S. Bright ,Michael Curtis 和 Gregory S. Malins ,1995年10月5日
28,4,菲比的丈夫 ,The One with Phoebe's Husband ,Gail Mancuso ,Alexa Junge ,1995年10月12日
29,5,五塊牛排和一個茄子 ,The One with Five Steaks and an Eggplant ,Ellen Gittelsohn ,Chris Brown ,1995年10月19日
30,6,公車丟童記 ,The One with the Baby on the Bus ,Gail Mancuso ,Betsy Borns ,1995年11月2日
31,7,羅斯知道了 ,The One Where Ross Finds Out ,Peter Bonerz ,Michael Borkow ,1995年11月9日
32,8,愛情清單 ,The One with the List ,Mary Kay Place ,David Crane & Marta Kauffman ,1995年11月16日
33,9,菲比的父親 ,The One with Phoebe's Dad ,Kevin S. Bright ,Jeff Astrof & Mike Sikowitz ,1995年12月14日
34,10,雙羅斯記 ,The One with Russ ,Thomas Schlamme ,Ira Ungerleider ,1996年1月4日
35,11,女同性戀的婚禮 ,The One with the Lesbian Wedding ,Thomas Schlamme ,Doty Abrams ,1996年1月18日
36,12,超級盃之後：上 ,The One After the Superbowl 1 ,Michael Lembeck ,Jeff Astrof & Mike Sikowitz ,1996年1月28日
37,13,超級盃之後：下 ,The One After the Superbowl 2 ,Michael Lembeck ,Michael Borkow ,1996年1月28日
38,14,畢業舞會的錄影帶 ,The One with the Prom Video ,James Burrows ,Alexa Junge ,1996年2月1日
39,15,羅斯和瑞秋...你懂的 ,The One Where Ross and Rachel...You Know ,Michael Lembeck ,Michael Curtis 和 Gregory S. Malins ,1996年2月8日
40,16,喬伊搬出去了 ,The One Where Joey Moves Out ,Michael Lembeck ,Betsy Borns ,1996年2月15日
41,17,艾迪搬進來了 ,The One Where Eddie Moves In ,Michael Lembeck ,Adam Chase ,1996年2月22日
42,18,拉莫瑞醫生死了 ,The One Where Dr. Ramoray Dies ,Michael Lembeck ,故事: Alexa Junge；電視劇本: Michael ,Borkow 1996年3月21日
43,19,艾迪不願意走 ,The One Where Eddie Won't Go ,Michael Lembeck ,Michael Curtis & Gregory S. Malins ,1996年3月28日
44,20,老黃狗死了 ,The One Where Old Yeller Dies ,Michael Lembeck ,故事: Michael Curtis 和 Gregory S. Malin,s1996年4月4日
45,21,咖啡館遭遇流氓 ,The One with the Bullies ,Michael Lembeck ,Brian Buckner 和 Sebastian Jones ,1996年4月25日
46,22,兩個派對 ,The One with the Two Parties ,Michael Lembeck ,Alexa Junge ,1996年5月2日
47,23,菲比出水痘 ,The One with the Chicken Pox ,Michael Lembeck ,Brown Mandell ,1996年5月9日
48,24,明蒂的婚禮 ,The One with Barry and Mindy's Wedding ,Michael Lembeck ,故事: Ira Ungerleider；電視劇本: Brown ,Mandell 1996年5月16日
49,1,關於莉亞公主的性幻想 ,The One with the Princess Leia Fantasy ,Gail Mancuso ,Michael Curtis和Gregory S. Malins ,1996年9月19日
50,2,沒人準備好 ,The One Where No One's Ready ,Gail Mancuso ,Ira Ungerleider ,1996年9月26日
51,3,果醬 ,The One with the Jam ,Kevin Bright ,Wil Calhoun ,1996年10月3日
52,4,關於隧道的隱喻 ,The One with the Metaphorical Tunnel ,Steve Zuckerman ,Alexa Junge ,1996年10月10日
53,5,小弗蘭克 ,The One with Frank Jr. ,Steve Zuckerman ,Shana Goldberg-Meehan和Scott Silveri ,1996年10月17日
54,6,回憶 ,The One with the Flashback ,Peter Bonerz ,David Crane & Marta Kauffman ,1996年10月31日
55,7,賽車床 ,The One with the Race Car Bed ,Gail Mancuso ,Seth Kurland ,1996年11月7日
56,8,醜陋裸男死了？ ,The One with the Giant Poking Device ,Gail Mancuso ,Adam Chase ,1996年11月14日
57,9,橄欖球賽 ,The One with the Football ,Kevin S. Bright ,Ira Ungerlinger ,1996年11月21日
58,10,瑞秋辭職了 ,The One Where Rachel Quits ,Terry Hughes ,Greg Malins和Michael Curtis ,1996年12月12日
59,11,錢德不記得哪個妹妹了 ,The One Where Chandler Can't Remember Which ,Sister Terry Hughes ,Alexa Junge ,1997年1月9日
60,12,與嫉妒有關 ,The One with All the Jealousy ,Robby Benson ,Doty Abrams ,1997年1月16日
61,13,純屬友誼 ,The One Where Monica and Richard are Just Frien,ds Robby Benson ,Michael Borkow ,1997年1月30日
62,14,菲比的前搭檔 ,The One with Phoebe's Ex-Partner ,Robby Benson ,Wil Calhoun ,1997年2月6日
63,15,羅斯和瑞秋分手了 ,The One Where Ross and Rachel Take a Break ,James Burrows ,Michael Borkow ,1997年2月13日
64,16,第二天早上 ,The One With the Morning After ,James Burrows ,David Crane和Marta Kauffman ,1997年2月20日
65,17,去滑雪的路上 ,The One Without the Ski Trip ,Sam Simon ,Shana Goldberg-Meehan & Scott Silveri ,1997年3月6日
66,18,催眠錄音帶 ,The One with the Hypnosis Tape ,Robby Benson ,Seth Kurland ,1997年3月13日
67,19,小T恤 ,The One with the Tiny T-Shirt ,Terry Hughes ,Adam Chase ,1997年3月27日
68,20,玩具屋 ,The One with the Dollhouse ,Terry Hughes ,Wil Calhoun ,1997年4月10日
69,21,雞與鴨 ,The One with a Chick and a Duck ,Michael Lembeck ,Chris Brown ,1997年4月17日
70,22,這個傢伙很躁鬱 ,The One with the Screamer ,Peter Bonerz ,Shana Goldberg-Meehan和Scott Silveri ,1997年4月24日
71,23,寡人有疾 ,The One with Ross's Thing ,Shelley Jensen ,Ted Cohen & Andrew Reich ,1997年5月1日
72,24,終極格鬥冠軍 ,The One with the Ultimate Fighting Champion ,Robby Benson ,Pang-Ni Landrum和Mark J. Kunerth／,1997年5月8日
73,25,在海灘上 ,The One at the Beach ,Pamela Fryman ,Pang-Ni Landrum和Mark J. Kunerth／Ad,am Chase 1997年5月15日
74,1,水母行兇 ,The One with the Jellyfish ,Shelley Jensen ,Wil Calhoun ,1997年9月25日
75,2,母還魂 ,The One with the Cat ,Shelley Jensen ,Jill Condon和Amy Toomin ,1997年10月2日
76,3,手銬遊戲 ,The One with the Cuffs ,Peter Bonerz ,Seth Kurland ,1997年10月9日
77,4,與喬伊共舞 ,The One with the Ballroom Dancing ,Gail Mancuso ,Ted Cohen & Andrew Reich ,1997年10月16日
78,5,喬伊的新女友 ,The One with Joey's New Girlfriend ,Gail Mancuso ,Gregory S. Malins和Michael Curtis ,1997年10月30日
79,6,髒姑娘 ,The One with the Dirty Girl ,Shelley Jensen ,Shana Goldberg-Meehan和Scott Silveri ,1997年11月6日
80,7,錢德越界了 ,The One Where Chandler Crosses the Line ,Kevin Bright ,Adam Chase ,1997年11月13日
81,8,盒裝錢德 ,The One with Chandler in a Box ,Peter Bonerz ,Michael Borkow ,1997年11月20日
82,9,派對時間 ,The One Where They're Going to Party! ,Peter Bonerz ,Ted Cohen & Andrew Reich ,1997年12月11日
83,10,羅斯的選擇 ,The One with the Girl from Poughkeepsie ,Gary Halvorson ,Scott Silveri ,1997年12月18日
84,11,菲比的子宮 ,The One with Phoebe's Uterus ,David Steinberg ,Seth Kurland ,1998年1月8日
85,12,公寓大搬風 ,The One with the Embryos ,Kevin S. Bright ,Jill Condon和Amy Toomin ,1998年1月15日
86,13,瑞秋思春 ,The One with Rachel's Crush ,Dana DeVally Piazza ,Shana Goldberg-Meehan ,1998年1月29日
87,14,髒兮兮的喬伊 ,The One with Joey's Dirty Day ,Peter Bonerz ,Wil Calhoun ,1998年2月5日
88,15,羅斯打橄欖球 ,The One with All the Rugby ,James Burrows ,,1998年2月26日
89,16,假派對 ,The One with the Fake Party ,Michael Lembeck ,,1998年3月19日
90,17,免費的A片 ,The One with the Free Porn ,Michael Lembeck ,,1998年3月26日
91,18,瑞秋的新裝扮 ,The One with Rachel's New Dress ,Gail Mancuso ,,1998年4月2日
92,19,不擇手段 ,The One with All the Haste ,Kevin S. Bright ,Scott Silveri & Wil Calhoun ,1998年4月9日
93,20,婚紗 ,The One with All the Wedding Dresses ,Gail Mancuso ,,1998年4月16日
94,21,結婚請柬 ,The One with the Invitation ,Peter Bonerz ,Seth Kurland ,1998年4月23日
95,22,喬伊幹不了伴郎 ,The One with the Worst Best Man Ever ,Peter Bonerz ,Gregory S. Malins和Michael Curtis ,1998年4月30日
96,23,羅斯的婚禮：上 ,The One with Ross's Wedding: Part 1 ,Kevin S. Bright ,,1998年5月7日
97,24,羅斯的婚禮：下 ,The One with Ross's Wedding: Part 2 ,Kevin S. Bright ,,1998年5月7日
98,1,羅斯說錯之後 ,The One After Ross Says Rachel ,凱文·布萊特 ,Seth Kurland ,1998年9月24日
99,2,都是那吻惹的禍 ,The One with All the Kissing ,加里·霍爾沃森 ,威爾·卡洪 ,1998年10月1日
100,3,第100集 / 三胞胎降生記 ,The One Hundredth / The One with the Triplets ,Kevin S. Bright ,戴維·克萊恩和瑪塔·考夫曼 ,1998年10月8日
101,4,菲比討厭公共電視台 ,The One Where Phoebe Hates PBS ,雪莉·詹森 ,Michael Curtis ,1998年10月15日
102,5,羅斯的選擇 ,The One with the Kips ,Dana DeValley Piazza ,Scott Silveri ,1998年10月29日
103,6,野人 ,The One with the Yeti ,Gary Halvorson ,Alexa Junge ,1998年11月5日
104,7,羅斯搬來了 ,The One Where Ross Moves In ,Gary Halvorson ,Gigi McCreery和Perry M. Rein ,1998年11月12日
105,8,感恩節回憶 ,The One with All the Thanksgivings ,Kevin S. Bright ,Gregory S. Malins ,1998年11月19日
106,9,誰動了我的三明治 ,The One with Ross's Sandwich ,Gary Halvorson ,Ted Cohen & Andrew Reich ,1998年12月10日
107,10,親密兄妹 ,The One with the Inappropriate Sister ,Dana DeValley Piazza ,Shana Goldberg-Meehan ,1998年12月17日
108,11,新年新氣象 ,The One with All the Resolutions ,喬·雷加布托 ,Brian Boyle / Suzie Villandry ,1999年1月7日
109,12,錢德的應酬笑 ,The One with Chandler's Work Laugh ,Kevin S. Bright ,Alicia Sky Varinaitis ,1999年1月21日
110,13,喬伊的新包包 ,The One with Joey's Bag ,蓋爾·曼庫索 ,Michael Curtis / Seth Kurland ,1999年2月4日
111,14,真相大白 ,The One Where Everybody Finds Out ,邁克爾·倫貝克 ,Alexa Junge ,1999年2月11日
112,15,喬伊的野蠻女友 ,The One with the Girl Who Hits Joey ,Kevin S. Bright ,Adam Chase ,1999年2月18日
113,16,警察故事 ,The One with the Cop ,安德魯·曹 ,Alicia Sky Varinaitis / Gigi McCreery和P,erry M. Rein 1999年2月25日
114,17,瑞秋的無心之吻 ,The One with Rachel's Inadvertent Kiss ,Shelley Jensen ,Andrew Reich和Ted Cohen ,1999年3月18日
115,18,瑞秋抽菸 ,The One Where Rachel Smokes ,托德·霍蘭德 ,Michael Curtis ,1999年4月8日
116,19,羅斯不會搭訕 ,The One Where Ross Can't Flirt ,Gail Mancuso ,Doty Abrams ,1999年4月22日
117,20,夜間巡邏 ,The One with the Ride-Along ,Gary Halvorson ,Shana Goldberg-Meehan和Seth Kurland ,1999年4月29日
118,21,有夠無聊 ,The One with the Ball ,Gary Halvorson ,Scott Silveri / Gregory S. Malins ,1999年5月6日
119,22,喬伊的大機會 ,The One with Joey's Big Break ,Gary Halvorson ,Shana Goldberg-Meehan / Wil Calhoun ,1999年5月13日
120,23,拉斯維加斯 (上 ,The One in Vegas 1 ,Kevin S. Bright ,Ted Cohen和Andrew Reich ,1999年5月20日
121,24,拉斯維加斯 (下 ,The One in Vegas 2 ,Kevin S. Bright ,Gregory S. Malins和Scott Silveri ,1999年5月20日
122,1,拉斯維加斯之後 ,The One After Vegas ,Kevin Bright ,Adam Chase ,1999年9月23日
123,2,羅斯沒有取消婚約 ,The One Where Ross Hugs Rachel ,Gail Mancuso ,Shana Goldberg-Meehan ,1999年9月30日
124,3,羅斯的辯白 ,The One with Ross's Denial ,Gary Halvorson ,Seth Kurland ,1999年10月7日
125,4,喬伊失去了醫療保險 ,The One Where Joey Loses His Insurance ,Gary Halvorson ,Andrew Reich與Ted Cohen ,1999年10月14日
126,5,喬伊的保時捷 ,The One with Joey's Porsche ,Gary Halvorson ,Perry M. Rein與Gigi McCreery ,1999年10月21日
127,6,最後一夜 ,The One on the Last Night ,David Schwimmer ,Scott Silveri ,1999年11月4日
128,7,菲比，跑，菲比 ,The One Where Phoebe Runs ,Gary Halvorson ,Sherry Bilsing & Ellen Plummer ,1999年11月11日
129,8,羅斯的牙齒 ,The One with Ross's Teeth ,Gary Halvorson ,Perry M. Rein與Gigi McCreery ,1999年11月18日
130,9,羅斯的大麻 ,The One Where Ross Got High ,Kevin S. Bright ,Gregory S. Malins ,1999年11月25日
131,10,新年狂歡倒計時 ,The One with the Routine ,Kevin S. Bright ,Brian Boyle ,1999年12月16日
132,11,瑞秋的新家具 ,The One with the Apothecary Table ,Kevin S. Bright ,Story: Zachary Rosenblatt / Teleplay: Bria,n Boyle 2000年1月6日
133,12,抄襲風波 ,The One with the Joke ,Gary Halvorson ,Andrew Reich與Ted Cohen ,2000年1月13日
134,13,小妹到訪 ,The One with Rachel's Sister ,Gary Halvorson ,編劇: Seth Kurland / 腳本: Sherry Bilsin,g2000年2月3日
135,14,哭不出來的錢德勒 ,The One Where Chandler Can't Cry ,Kevin S. Bright ,Andrew Reich和Ted Cohen ,2000年2月10日
136,15,假想六人行 (上) ,The One That Could Have Been (1 ,Michael Lembeck ,Gregory S. Malins、Adam Chase、David ,Crane 2000年2月17日
137,16,假想六人行 (下) ,The One That Could Have Been (2 ,Michael Lembeck ,Gregory S. Malins、Adam Chase、David ,Crane 2000年2月17日
138,17,防衛意識 / 情人節禮物 ,The One with Unagi / The One with the Mix Tape ,Gary Halvorson ,故事: Zachary Rosenblatt / 腳本: Adam ,hase 2000年2月24日
139,18,魔男的條件 ,The One Where Ross Dates a Student ,Gary Halvorson ,Seth Kurland ,2000年3月9日
140,19,喬伊的冰箱 ,The One with Joey's Fridge ,Ben Weiss ,故事: Seth Kurland / 編劇: Gigi McCreer,y2000年3月23日
141,20,機器人與我 ,The One with Mac and C.H.E.E.S.E. ,Kevin S. Bright ,Doty Abrams ,2000年4月13日
142,21,拜見岳父大人 ,The One Where Ross Meets Elizabeth's Dad ,Michael Lembeck ,故事: David J. Lagana / 腳本: Scott Silve,ri 2000年4月27日
143,22,度假屋 ,The One Where Paul's the Man ,Gary Halvorson ,故事: Brian Caldirola / 劇本: Sherry Bils,ing & Ellen Plumm 2000年5月4日
144,23,戒指 ,The One with the Ring ,Gary Halvorson ,Ted Cohen與Andrew Reich ,2000年5月11日
145,24,求婚記 (上) ,The One with the Proposal (1 ,Kevin S. Bright ,Scott Silveri與Shana Goldberg-Meehan & ,Andrew Reich 2000年5月18日
146,25,求婚記 (下) ,The One with the Proposal (2 ,Kevin S. Bright ,Scott Silveri與Shana Goldberg-Meehan & ,Andrew Reich 2000年5月18日
147,1,莫妮卡風頭被搶了 ,The One with Monica's Thunder ,Kevin Bright ,Story: Wil Calhoun ,2000年10月12日
148,2,瑞秋的書 ,The One with Rachel's Book ,Michael Lembeck ,Andrew Reich & Ted Cohen ,2000年10月12日
149,3,菲比的餅乾配方 ,The One with Phoebe's Cookies ,Gary Halvorson ,Sherry Bilsing & Ellen Plummer ,2000年10月19日
150,4,瑞秋請助理 ,The One with Rachel's Assistant ,大衛·史威默 ,Brian Boyle ,2000年10月26日
151,5,訂婚照 ,The One with the Engagement Picture ,Gary Halvorson ,Story: Earl Davis ,2000年11月2日
152,6,小睡的夥伴 ,The One with the Nap Partners ,Gary Halvorson ,Brian Buckner & Sebastian Jones ,2000年11月9日
153,7,羅斯在圖書館 ,The One with Ross's Library Book ,大衛·史威默 ,Scott Silveri ,2000年11月16日
154,8,錢德勒不喜歡狗 ,The One Where Chandler Doesn't Like Dogs ,Kevin S. Bright ,Patty Lin ,2000年11月23日
155,9,糖果 ,The One with All the Candy ,大衛·史威默 ,Will Calhoun ,2000年12月7日
156,10,節日犰狳 ,The One with the Holiday Armadillo ,Gary Halvorson ,Gregory S. Malins ,2000年12月14日
157,11,酪餅 ,The One with All the Cheesecakes ,Gary Halvorson ,Shana Goldberg-Meehan ,2001年1月4日
158,12,一夜未眠 ,The One Where They're Up All Night ,Kevin S. Bright ,Zachary Rosenblatt ,2001年1月11日
159,13,Rosita之死 ,The One Where Rosita Dies ,Stephen Prime ,Story: Ellen Plummer & Sherry Bilsing ,2001年2月1日
160,14,三十歲 ,The One Where They All Turn Thirty ,Ben Weiss ,Story: Vanessa McCarthy ,2001年2月8日
161,15,喬伊換腦 ,The One with Joey's New Brain ,Kevin S. Bright ,Story: Sherry Bilsing & Ellen Plummer ,2001年2月15日
162,16,你在倫敦幹了什麼 ,The One with the Truth About London ,大衛·史威默 ,Story: Brian Buckner & Sebastian Jones ,2001年2月22日
163,17,婚紗大減價 ,The One with the Cheap Wedding Dress ,Kevin S. Bright ,Story: Brian Buckner & Sebastian Jones ,2001年3月15日
164,18,喬伊獲提名 ,The One with Joey's Award ,Gary Halvorson ,Story: Sherry Bilsing & Ellen Plummer ,2001年3月29日
165,19,莫妮卡的表親 ,The One with Ross and Monica's Cousin ,Gary Halvorson ,Andrew Reich & Ted Cohen ,2001年4月19日
166,20,瑞秋的同性之吻 ,The One with Rachel's Big Kiss ,Gary Halvorson ,Scott Silveri & Shana Goldberg-Meehan ,2001年4月26日
167,21,宣誓 ,The One with the Vows ,Gary Halvorson ,Doty Abrams ,2001年5月3日
168,22,錢德勒之父 ,The One with Chandler's Dad ,Kevin S. Bright & Gary ,Halvorson Story: Gregory S. Malins ,2001年5月10日
169-170 ,23-24 ,大喜之日 ,The One with Monica and Chandler's Wedding ,Kevin S. Bright ,Gregory S. Malins & Marta Kauffman & D,avid Crane 2001年5月17日
171,1,婚禮之後 ,The One After 'I Do' ,Kevin S. Bright ,David Crane & Marta Kauffman ,2001年9月27日
172,2,紅毛衣 ,The One with the Red Sweater ,大衛·史威默 ,Dana Klein Borkow ,2001年10月4日
173,3,瑞秋告訴了羅斯 ,The One Where Rachel Tells... ,Sheldon Epps ,Sherry Bilsing & Ellen Plummer ,2001年10月11日
174,4,錄影帶 ,The One with the Videotape ,Kevin S. Bright ,Scott Silveri ,2001年10月18日
175,5,瑞秋的約會 ,The One with Rachel's Date ,Gary Halvorson ,Brian Buckner & Sebastian Jones ,2001年10月25日
176,6,萬聖夜派對 ,The One with the Halloween Party ,Gary Halvorson ,Mark Kunerth ,2001年11月1日
177,7,墨水印 ,The One with the Stain ,Kevin S. Bright ,R. Lee Fleming Jr. ,2001年11月8日
178,8,脫衣舞孃 ,The One with the Stripper ,David Schwimmer ,Andrew Reich & Ted Cohen ,2001年11月15日
179,9,謠言 ,The One with the Rumor ,Gary Halvorson ,Shana Goldberg-Meehan ,2001年11月22日
180,10,莫妮卡的高跟靴 ,The One with Monica's Boots ,Kevin S. Bright ,2001年12月6日,
181,11,怪怪的賀卡 ,"The One with Ross's Step Forward /
The One with The Creepy Holiday Card ",Gary Halvorson ,Robert Carlock ,2001年12月13日
182,12,喬伊和瑞秋約會 ,The One Where Joey Dates Rachel ,David Schwimmer ,Sherry Bilsing-Graham & Ellen Plummer ,2002年1月10日
183,13,錢德勒的泡泡浴 ,The One Where Chandler Takes a Bath ,Ben Weiss ,Vanessa McCarthy ,2002年1月17日
184,14,莫妮卡的神秘壁櫥 ,The One with the Secret Closet ,Kevin S. Bright ,Brian Buckner & Sebastian Jones ,2002年1月31日
185,15,生產錄影 ,The One with the Birthing Video ,Kevin S. Bright ,Dana Klein Borkow ,2002年2月7日
186,16,喬伊向瑞秋表白 ,The One Where Joey Tells Rachel ,Ben Weiss ,Andrew Reich & Ted Cohen ,2002年2月28日
187,17,茶葉占卜 ,The One with the Tea Leaves ,Gary Halvorson ,,2002年3月7日
188,18,"The One in Massapequa /
The One with the Zesty Guy ",馬沙皮卡市 ,Gary Halvorson ,,2002/3/28
189,19,喬伊的採訪 ,The One with Joey's Interview ,Gary Halvorson ,Doty Abrams ,2002年4月4日
190,20,嬰兒禮物 ,The One with the Baby Shower ,Kevin S. Bright ,Sherry Bilsing-Graham & Ellen Plummer ,2002年4月25日
191,21,烹飪課 ,The One with the Cooking Class ,Gary Halvorson ,,2002年5月2日
192,22,瑞秋遲遲不生 ,The One Where Rachel Is Late ,Gary Halvorson ,Shana Goldberg-Meehan ,2002年5月9日
193-194 ,23-24 ,瑞秋生小孩的那集 ,The One Where Rachel Has a Baby,Kevin S. Bright,The One Where Rachel Has a Baby ,2002年5月16日
195,1,無人求婚 ,The One Where No One Proposes ,Kevin S. Bright ,Sherry Bilsing-Graham & Ellen Plummer ,2002年9月26日
196,2,艾瑪大哭 ,The One Where 艾瑪 Cries ,Sheldon Epps ,Dana Klein Borkow ,2002年10月3日
197,3,兒科醫生 ,The One with the Pediatrician ,Roger Christiansen ,Brian Buckner & Sebastian Jones ,2002年10月10日
198,4,鯊魚的「愛情動作片」 ,The One with the Sharks ,Ben Weiss ,Andrew Reich & Ted Cohen ,2002年10月17日
199,5,菲比的生日晚宴 ,The One with Phoebe's Birthday Dinner ,大衛·史威默 ,Scott Silveri ,2002年10月31日
200,6,男保姆 ,The One with the Male Nanny ,Kevin S. Bright ,David Crane & Marta Kauffman ,2002年11月7日
201,7,大屁股之歌 ,The One with Ross's Inappropriate Song ,Gary Halvorson ,Robert Carlock ,2002年11月14日
202,8,瑞秋的另一個妹妹 ,The One with Rachel's Other Sister ,Kevin S. Bright ,Shana Goldberg-Meehan ,2002年11月21日
203,9,瑞秋的電話號碼 ,The One with Rachel's Phone Number ,Ben Weiss ,Mark Kunerth ,2002年12月5日
204,10,在土爾沙過聖誕 ,The One with Christmas in Tulsa ,Kevin S. Bright ,Doty Abrams ,2002年12月12日
205,11,瑞秋復工 ,The One Where Rachel Goes Back to Work ,Gary Halvorson ,,2003年1月9日
206,12,菲比的寵物老鼠 ,The One with Phoebe's Rats ,Ben Weiss ,,2003年1月16日
207,13,莫妮卡「獻」唱 ,The One Where Monica Sings ,Gary Halvorson ,,2003年1月30日
208,14,盲約 ,The One with the Blind Dates ,Gary Halvorson ,Sherry Bilsing-Graham & Ellen Plummer ,2003年2月6日
209,15,劫匪 ,The One with the Mugging ,Gary Halvorson ,Peter Tibbals ,2003年2月13日
210,16,隆胸記 ,The One with the Boob Job ,Gary Halvorson ,Mark Kunerth ,2003年2月20日
211,17,羅斯的追悼會 ,The One with the Memorial Service ,Gary Halvorson ,,2003年3月13日
212,18,買彩票記 ,The One with the Lottery ,Gary Halvorson ,,2003年4月3日
213,19,瑞秋的夢 ,The One with Rachel's Dream ,Terry Hughes ,,2003年4月17日
214,20,肥皂劇演員派對 ,The One with the Soap Opera Party ,Sheldon Epps ,,2003年4月24日
215,21,生育能力檢查 ,The One with the Fertility Test ,Gary Halvorson ,,2003年5月1日
216,22,捐精者 ,The One with the Donor ,Ben Weiss ,Andrew Reich & Ted Cohen ,2003年5月8日
217-218 ,23-24 ,巴貝多島之行 ,The One in Barbados ,Kevin S. Bright ,,2003年5月15日
219,1,喬伊和瑞秋接吻之後 ,The One After Joey and Rachel Kiss ,Kevin S. Bright ,Andrew Reich & Ted Cohen ,2003年9月25日
220,2,羅斯說「放下了」 ,The One Where Ross Is Fine ,Ben Weiss ,Sherry Bilsing-Graham & Ellen Plummer ,2003年10月2日
221,3,羅斯的日光浴 ,The One with Ross's Tan ,Gary Halvorson ,Brian Buckner ,2003年10月9日
222,4,艾瑪的生日蛋糕 ,The One with the Cake ,Gary Halvorson ,Robert Carlock ,2003年10月23日
223,5,瑞秋的妹妹帶孩子 ,The One Where Rachel's Sister Babysits ,Roger Christiansen ,Dana Klein Borkow ,2003年10月30日
224,6,羅斯的科研經費 ,The One with Ross's Grant ,Ben Weiss ,Sebastian Jones ,2003年11月6日
225,7,家訪 ,The One with the Home Study ,Kevin S. Bright ,Mark Kunerth ,2003年11月13日
226,8,遲到的感恩節 ,The One with the Late Thanksgiving ,Gary Halvorson ,Shana Goldberg-Meehan ,2003年11月20日
227,9,生母 ,The One with the Birth Mother ,大衛·史威默 ,Scott Silveri ,2004年1月8日
228,10,錢德勒「出軌」了 ,The One Where Chandler Gets Caught ,Gary Halvorson ,Doty Abrams ,2004年1月15日
229,11,懟哭脫衣舞男 ,The One Where the Stripper Cries ,待定 ,待定 ,2004年2月9日
230,12,菲比的婚禮 ,The One with Phoebe's Wedding ,待定 ,待定 ,2004年2月12日
231,13,喬伊大秀法語 ,The One Where Joey Speaks French ,待定 ,待定 ,2004年2月19日
232,14,菲比改名 ,The One with Princess Consuela ,待定 ,待定 ,2004年2月26日
233,15,經紀人的鬼來電 ,The One Where 艾斯黛拉 Dies ,待定 ,待定 ,2004年4月22日
234,16,瑞秋的送別會 ,The One with Rachel's Going Away Party ,Gary Halvorson ,Andrew Reich & Ted Cohen ,2004年4月29日
235-236 ,17-18 ,大結局 ,The Last One ,Kevin S. Bright ,Marta Kauffman & David Crane ,2004年5月6日
         ,,,,,,
